<?xml version="1.0" encoding="UTF-8"?><rss version="2.0"
	xmlns:content="http://purl.org/rss/1.0/modules/content/"
	xmlns:wfw="http://wellformedweb.org/CommentAPI/"
	xmlns:dc="http://purl.org/dc/elements/1.1/"
	xmlns:atom="http://www.w3.org/2005/Atom"
	xmlns:sy="http://purl.org/rss/1.0/modules/syndication/"
	xmlns:slash="http://purl.org/rss/1.0/modules/slash/"
	>

<channel>
	<title>Eternity (永恒) &#8211; Eternal Center</title>
	<atom:link href="./index.html" rel="self" type="application/rss+xml" />
	<link>./../../../index.html</link>
	<description></description>
	<lastBuildDate>Mon, 27 Dec 2021 14:36:55 +0000</lastBuildDate>
	<language>en-US</language>
	<sy:updatePeriod>
	hourly	</sy:updatePeriod>
	<sy:updateFrequency>
	1	</sy:updateFrequency>
	
	<item>
		<title>Friedrich Wilhelm Nietzsche (弗里德里希·威廉·尼采):</title>
		<link>./../../../friedrich-wilhelm-nietzsche-3/index.html</link>
		
		<dc:creator><![CDATA[Mingyu Zhu]]></dc:creator>
		<pubDate>Fri, 23 Oct 2020 13:13:12 +0000</pubDate>
				<category><![CDATA[Chinese (中文)]]></category>
		<category><![CDATA[English (英文)]]></category>
		<category><![CDATA[Eternity (永恒)]]></category>
		<category><![CDATA[Famous Sayings (名言)]]></category>
		<category><![CDATA[Famous Sayings & Paragraphs (名言 & 段落)]]></category>
		<category><![CDATA[Friedrich Wilhelm Nietzsche (弗里德里希·威廉·尼采)]]></category>
		<category><![CDATA[Thinkers (思想家)]]></category>
		<guid isPermaLink="false">./../../../index.html?p=11585</guid>

					<description><![CDATA[Reading history makes people wise, poetry witty, mathematics thoughtful, science profound, ethics solemn, logic and rhetoric makes people eloquent. 读史使人明智，读诗使人灵秀，数学使人周密，科学使人深刻，伦理学使人庄重，逻辑修辞之学使人善辩；凡有所学，皆成性格。]]></description>
										<content:encoded><![CDATA[
<p class="has-medium-font-size">Reading history makes people wise, poetry witty, mathematics thoughtful, science profound, ethics solemn, logic and rhetoric makes people eloquent.</p>



<p class="has-medium-font-size">读史使人明智，读诗使人灵秀，数学使人周密，科学使人深刻，伦理学使人庄重，逻辑修辞之学使人善辩；凡有所学，皆成性格。</p>
]]></content:encoded>
					
		
		
			</item>
		<item>
		<title>苏格拉底之死 （由雅克-路易·大卫创作）</title>
		<link>./../../../the-death-of-socrates/index.html</link>
		
		<dc:creator><![CDATA[Mingyu Zhu]]></dc:creator>
		<pubDate>Mon, 29 Jul 2019 13:09:25 +0000</pubDate>
				<category><![CDATA[Articles (文章)]]></category>
		<category><![CDATA[Arts (艺术)]]></category>
		<category><![CDATA[Chinese (中文)]]></category>
		<category><![CDATA[Eternity (永恒)]]></category>
		<category><![CDATA[Famous Books & Arts & Music & Movies & Games & Cultural Relics (名著 & 艺术 & 音乐 & 电影 & 游戏 & 文物)]]></category>
		<category><![CDATA[Great Human Articles (伟人类文章)]]></category>
		<category><![CDATA[Jacques-Louis David (雅克-路易·大卫)]]></category>
		<category><![CDATA[Writings (写作)]]></category>
		<category><![CDATA[图片 Picture]]></category>
		<guid isPermaLink="false">./../../../index.html?p=4906</guid>

					<description><![CDATA[被判死刑的苏格拉底，拒绝逃亡选择了遵守他所认同的法律并走向死亡。如果连自己所认同的法律都不去遵守，那法律就会失去他的权威和功能。如果法律失去了权威和功能，正义也就不复存在。如果正义不复存在，那社会就再也没有秩序和文明可言，主体道德、文化、经济、艺术、科学都将被连根拔起。这位人类文明的逻辑学之父，在用生命诠释法律的真正含义。这是一首能为后世带来无限财富的挽歌。这是一个某些理念值得用生命去守护的铁证。]]></description>
										<content:encoded><![CDATA[
<div class="wp-block-image"><figure class="aligncenter size-large"><img width="1024" height="671" src="./../../../wp-content/uploads/2021/12/Death-of-Socrates-1024x671.jpeg" alt="" class="wp-image-19646" srcset="./../../../wp-content/uploads/2021/12/Death-of-Socrates-1024x671.jpeg 1024w, ./../../../wp-content/uploads/2021/12/Death-of-Socrates-300x197.jpeg 300w, ./../../../wp-content/uploads/2021/12/Death-of-Socrates-768x503.jpeg 768w, ./../../../wp-content/uploads/2021/12/Death-of-Socrates.jpeg 1080w" sizes="(max-width: 767px) 89vw, (max-width: 1000px) 54vw, (max-width: 1071px) 543px, 580px" /></figure></div>



<p>被判死刑的苏格拉底，拒绝逃亡选择了遵守他所认同的法律并走向死亡。如果连自己所认同的法律都不去遵守，那法律就会失去他的权威和功能。如果法律失去了权威和功能，正义也就不复存在。如果正义不复存在，那社会就再也没有秩序和文明可言，主体道德、文化、经济、艺术、科学都将被连根拔起。这位人类文明的逻辑学之父，在用生命诠释法律的真正含义。这是一首能为后世带来无限财富的挽歌。这是一个某些理念值得用生命去守护的铁证。</p>
]]></content:encoded>
					
		
		
			</item>
		<item>
		<title>Friedrich Wilhelm Nietzsche (弗里德里希·威廉·尼采 ):</title>
		<link>./../../../friedrich-wilhelm-nietzsche-2/index.html</link>
		
		<dc:creator><![CDATA[Mingyu Zhu]]></dc:creator>
		<pubDate>Sun, 27 Jan 2019 13:16:07 +0000</pubDate>
				<category><![CDATA[Chinese (中文)]]></category>
		<category><![CDATA[English (英文)]]></category>
		<category><![CDATA[Eternity (永恒)]]></category>
		<category><![CDATA[Famous Sayings (名言)]]></category>
		<category><![CDATA[Famous Sayings & Paragraphs (名言 & 段落)]]></category>
		<category><![CDATA[Friedrich Wilhelm Nietzsche (弗里德里希·威廉·尼采)]]></category>
		<category><![CDATA[Thinkers (思想家)]]></category>
		<guid isPermaLink="false">./../../../index.html?p=1822</guid>

					<description><![CDATA[Human life can not be measured by the length of time. When the heart is full of love, the moment is eternal! ——It really can&#8217;t be measured by the length of time. 人类的生命，不能以时间长短来衡量，心中充满爱时，刹那即永恒！——真的是不能以时间长短加以衡量。]]></description>
										<content:encoded><![CDATA[
<p class="has-medium-font-size">Human life can not be measured by the length of time. When the heart is full of love, the moment is eternal! ——It really can&#8217;t be measured by the length of time.</p>



<p class="has-medium-font-size">人类的生命，不能以时间长短来衡量，心中充满爱时，刹那即永恒！——真的是不能以时间长短加以衡量。</p>
]]></content:encoded>
					
		
		
			</item>
		<item>
		<title>滑铁卢战争是好是坏？（《悲惨世界》第十七章经典段落摘抄）</title>
		<link>./../../../miserable-world-1/index.html</link>
		
		<dc:creator><![CDATA[Mingyu Zhu]]></dc:creator>
		<pubDate>Sat, 26 Jan 2019 14:12:32 +0000</pubDate>
				<category><![CDATA[Chinese (中文)]]></category>
		<category><![CDATA[Eternity (永恒)]]></category>
		<category><![CDATA[Famous Sayings & Paragraphs (名言 & 段落)]]></category>
		<category><![CDATA[Miserable World (悲惨世界)]]></category>
		<category><![CDATA[Paragraphs (段落)]]></category>
		<guid isPermaLink="false">./../../../index.html?p=1750</guid>

					<description><![CDATA[如果站在更高的层面看待滑铁卢战争，滑铁卢是一场反对君主制的胜利。它是欧洲对抗法国的胜利，是圣彼得堡、柏林、维也纳对抗巴黎的胜利。他是 1889 年 7 月 14 日，攻击了 1815 年的 3 月 20 日。过去一直是君主制度在不停地清理不屈不饶的“法国自由革命稍乱”，就如同不知疲倦的水手永不停息地清理甲板，而如今波旁王朝以及其他君主制势力联合起来，推翻了这位叱咤风云了二十六年的伟大人物——拿破仑，拿破仑帝国是专制的，但由于现实的状况，现在皇帝将被迫选择让国家自由，帝国的宪法秩序不情愿地接受了滑铁卢的结果。 （此段落翻译自一个版权已过期的《悲惨世界》版本，由站主根据自己的理解进行的翻译，如果喜欢这本书，建议阅读李丹和方于翻译的版本）]]></description>
										<content:encoded><![CDATA[
<p class="has-medium-font-size">如果站在更高的层面看待滑铁卢战争，滑铁卢是一场反对君主制的胜利。它是欧洲对抗法国的胜利，是圣彼得堡、柏林、维也纳对抗巴黎的胜利。他是 1889 年 7 月 14 日，攻击了 1815 年的 3 月 20 日。过去一直是君主制度在不停地清理不屈不饶的“法国自由革命稍乱”，就如同不知疲倦的水手永不停息地清理甲板，而如今波旁王朝以及其他君主制势力联合起来，推翻了这位叱咤风云了二十六年的伟大人物——拿破仑，拿破仑帝国是专制的，但由于现实的状况，现在皇帝将被迫选择让国家自由，帝国的宪法秩序不情愿地接受了滑铁卢的结果。</p>



<p>（此段落翻译自一个版权已过期的《悲惨世界》版本，由站主根据自己的理解进行的翻译，如果喜欢这本书，建议阅读李丹和方于翻译的版本）</p>
]]></content:encoded>
					
		
		
			</item>
		<item>
		<title>Lev Nikolayevich Tolstoy (列夫·尼古拉耶维奇·托尔斯泰):</title>
		<link>./../../../lev-nikolayevich-tolstoy-1/index.html</link>
		
		<dc:creator><![CDATA[Mingyu Zhu]]></dc:creator>
		<pubDate>Thu, 24 Jan 2019 15:36:26 +0000</pubDate>
				<category><![CDATA[Chinese (中文)]]></category>
		<category><![CDATA[English (英文)]]></category>
		<category><![CDATA[Eternity (永恒)]]></category>
		<category><![CDATA[Famous Sayings (名言)]]></category>
		<category><![CDATA[Famous Sayings & Paragraphs (名言 & 段落)]]></category>
		<category><![CDATA[Lev Nikolayevich Tolstoy (列夫·尼古拉耶维奇·托尔斯泰)]]></category>
		<category><![CDATA[Writers (作家)]]></category>
		<guid isPermaLink="false">./../../../index.html?p=1638</guid>

					<description><![CDATA[What matters is not the quantity of knowledge, but the quality of knowledge. Some people know a lot, but don&#8217;t know the most useful thing. 重要的不是知识的数量，而是知识的质量，有些人知道很多很多，但却不知道最有用的东西。]]></description>
										<content:encoded><![CDATA[
<p class="has-medium-font-size">What matters is not the quantity of knowledge, but the quality of knowledge. Some people know a lot, but don&#8217;t know the most useful thing.</p>



<p class="has-medium-font-size">重要的不是知识的数量，而是知识的质量，有些人知道很多很多，但却不知道最有用的东西。</p>
]]></content:encoded>
					
		
		
			</item>
		<item>
		<title>Euripides (欧里庇得斯):</title>
		<link>./../../../euclid-1/index.html</link>
		
		<dc:creator><![CDATA[Mingyu Zhu]]></dc:creator>
		<pubDate>Tue, 15 Jan 2019 15:24:20 +0000</pubDate>
				<category><![CDATA[Chinese (中文)]]></category>
		<category><![CDATA[English (英文)]]></category>
		<category><![CDATA[Eternity (永恒)]]></category>
		<category><![CDATA[Euripides (欧里庇得斯)]]></category>
		<category><![CDATA[Famous Sayings (名言)]]></category>
		<category><![CDATA[Famous Sayings & Paragraphs (名言 & 段落)]]></category>
		<category><![CDATA[Poets (诗人)]]></category>
		<guid isPermaLink="false">./../../../index.html?p=1220</guid>

					<description><![CDATA[Wise people choose their own direction. 有智慧的人自己选择方向。]]></description>
										<content:encoded><![CDATA[
<p class="has-medium-font-size">Wise people choose their own direction.<br></p>



<p class="has-medium-font-size">有智慧的人自己选择方向。</p>
]]></content:encoded>
					
		
		
			</item>
		<item>
		<title>Aristotle (亚里士多德):</title>
		<link>./../../../aristotle-1/index.html</link>
		
		<dc:creator><![CDATA[Mingyu Zhu]]></dc:creator>
		<pubDate>Tue, 15 Jan 2019 15:19:20 +0000</pubDate>
				<category><![CDATA[Aristotle (亚里士多德)]]></category>
		<category><![CDATA[Chinese (中文)]]></category>
		<category><![CDATA[English (英文)]]></category>
		<category><![CDATA[Eternity (永恒)]]></category>
		<category><![CDATA[Famous Sayings (名言)]]></category>
		<category><![CDATA[Famous Sayings & Paragraphs (名言 & 段落)]]></category>
		<category><![CDATA[Thinkers (思想家)]]></category>
		<guid isPermaLink="false">./../../../index.html?p=1216</guid>

					<description><![CDATA[I have learned this through philosophy: I act out of self-consciousness, others act only because of fear of the law. 我通过哲学了解了这一点：我行事是出于自觉，他人行事只是因为害怕法律。]]></description>
										<content:encoded><![CDATA[
<p class="has-medium-font-size">I have learned this through philosophy: I act out of self-consciousness, others act only because of fear of the law.</p>



<p class="has-medium-font-size">我通过哲学了解了这一点：我行事是出于自觉，他人行事只是因为害怕法律。</p>
]]></content:encoded>
					
		
		
			</item>
		<item>
		<title>Laozi (老子)：</title>
		<link>./../../../laozi-1/index.html</link>
		
		<dc:creator><![CDATA[Mingyu Zhu]]></dc:creator>
		<pubDate>Tue, 15 Jan 2019 15:13:23 +0000</pubDate>
				<category><![CDATA[Chinese (中文)]]></category>
		<category><![CDATA[English (英文)]]></category>
		<category><![CDATA[Eternity (永恒)]]></category>
		<category><![CDATA[Famous Sayings (名言)]]></category>
		<category><![CDATA[Famous Sayings & Paragraphs (名言 & 段落)]]></category>
		<category><![CDATA[Laozi (老子)]]></category>
		<category><![CDATA[Thinkers (思想家)]]></category>
		<guid isPermaLink="false">./../../../index.html?p=1212</guid>

					<description><![CDATA[Give a man a fish and you feed him for a day. 授人以鱼，不如授人以渔。]]></description>
										<content:encoded><![CDATA[
<p class="has-medium-font-size">Give a man a fish and you feed him for a day.</p>



<p class="has-medium-font-size">授人以鱼，不如授人以渔。</p>
]]></content:encoded>
					
		
		
			</item>
		<item>
		<title>Friedrich Wilhelm Nietzsche (弗里德里希·威廉·尼采):</title>
		<link>./../../../friedrich-wilhelm-nietzsche-1/index.html</link>
		
		<dc:creator><![CDATA[Mingyu Zhu]]></dc:creator>
		<pubDate>Sun, 06 Jan 2019 13:20:27 +0000</pubDate>
				<category><![CDATA[Chinese (中文)]]></category>
		<category><![CDATA[English (英文)]]></category>
		<category><![CDATA[Eternity (永恒)]]></category>
		<category><![CDATA[Famous Sayings (名言)]]></category>
		<category><![CDATA[Famous Sayings & Paragraphs (名言 & 段落)]]></category>
		<category><![CDATA[Friedrich Wilhelm Nietzsche (弗里德里希·威廉·尼采)]]></category>
		<category><![CDATA[Thinkers (思想家)]]></category>
		<guid isPermaLink="false">./../../../index.html?p=617</guid>

					<description><![CDATA[Most thinkers write poorly because they want to convey not only their own ideas, but also the process of thinking. 大多数思想家写得拙劣，因为他们不仅要传达自己的思想，而且要传达思考的过程。]]></description>
										<content:encoded><![CDATA[
<p class="has-medium-font-size">Most thinkers write poorly because they want to convey not only their own ideas, but also the process of thinking.                                                                                                               </p>



<p class="has-medium-font-size">大多数思想家写得拙劣，因为他们不仅要传达自己的思想，而且要传达思考的过程。           </p>
]]></content:encoded>
					
		
		
			</item>
	</channel>
</rss>
